#Indent,Branch,PV,Description,Latch,Delay,Count,Filter,Guidance
0,Global,CRYO:GLOBALSC:1:STATSUMY,,,,,,Alarm handler summary PV: CRYO:GLOBALSC:1:STATSUMY
1,Common,CRYO:CP0:CTRL:STATSUMY,,,,,,Alarm handler summary PV: CRYO:CP0:CTRL:STATSUMY
,,SIOC:CP00:CR01:HEARTBEAT,CP0 CTRL IOC - Write permission control,TRUE,0,0,,"The EPICS IOC may not be running correctly. Try rebooting it from the network page. Call controls engineer if alarm does not clear after a minute. "
,,SIOC:CP00:CR02:HEARTBEAT,CP0 CTRL IOC - Support calculations,TRUE,0,0,,"The EPICS IOC may not be running correctly. Try rebooting it from the network page. Call controls engineer if alarm does not clear after a minute. "
1,Utilities,CRYO:CP0:UTIL:STATSUMY,,,,,,Alarm handler summary PV: CRYO:CP0:UTIL:STATSUMY
,,SIOC:CP08:CR01:HEARTBEAT,CP0 CTRL - Utilities IOC,TRUE,0,0,,"The EPICS IOC may not be running correctly. Try rebooting it from the network page. Call controls engineer if alarm does not clear after a minute. "
,,PLC:CP08:CR01:ALARM2_B0,CP0 CTRL - Utilities PLC,TRUE,0,0,,"The PLC is not communicating with the EPICS IOC. Call controls engineer. "
2,Instrument Air,CRYO:CP0:IA:STATSUMY,,,,,,Alarm handler summary PV: CRYO:CP0:IA:STATSUMY
,,UTIL:CP01:4:ALARM_STATUS,CP0 IA - Instrument air summary,TRUE,0,0,,
,,CPT:CP08:IA1:ALM,CP0 IA - CPT-82061 Press. Low,TRUE,0,0,,
,,CTE:CP08:IA2:ALM,CP0 IA - CTE-82061 Temp High,TRUE,0,0,,
2,Ghe Storage,CRYO:CP0:GHES:STATSUMY,,,,,,Alarm handler summary PV: CRYO:CP0:GHES:STATSUMY
,,CPT:CP01:ST1:ALM,CP0 GHES - CPT-11010 Clean Line Press. Low,TRUE,0,0,,
,,CPT:CP01:ST2:ALM,CP0 GHES - CPT-11010 Clean Line Press. High,TRUE,0,0,,
,,CPT:CP01:ST3:ALM,CP0 GHES - CPT-11100 Tank 1 Press. High,TRUE,0,0,,
,,CPT:CP01:ST4:ALM,CP0 GHES - CPT-11100 Tank 1 Press. Low,TRUE,0,0,,
,,CPT:CP01:ST5:ALM,CP0 GHES - CPT-11200 Tank 2 Press. High,TRUE,0,0,,
,,CPT:CP01:ST6:ALM,CP0 GHES - CPT-11200 Tank 2 Press. Low,TRUE,0,0,,
,,CPT:CP01:ST7:ALM,CP0 GHES - CPT-11300 Tank 3 Press. High,TRUE,0,0,,
,,CPT:CP01:ST8:ALM,CP0 GHES - CPT-11300 Tank 3 Press. Low,TRUE,0,0,,
,,CPT:CP01:ST9:ALM,CP0 GHES - CPT-11400 Tank 4 Press. High,TRUE,0,0,,
,,CPT:CP01:ST10:ALM,CP0 GHES - CPT-11400 Tank 4 Press. Low,TRUE,0,0,,
,,CPT:CP01:ST11:ALM,CP0 GHES - CPT-11500 Tank 5 Press. High,TRUE,0,0,,
,,CPT:CP01:ST12:ALM,CP0 GHES - CPT-11500 Tank 5 Press. Low,TRUE,0,0,,
,,CPT:CP01:ST13:ALM,CP0 GHES - CPT-11600 Tank 6 Press. High,TRUE,0,0,,
,,CPT:CP01:ST14:ALM,CP0 GHES - CPT-11600 Tank 6 Press. Low,TRUE,0,0,,
2,LN2 Dewar,CRYO:CP0:LN2D:STATSUMY,,,,,,Alarm handler summary PV: CRYO:CP0:LN2D:STATSUMY
,,UTIL:CP01:0:ALARM_STATUS,CP0 LN2D - LN2 dewar,TRUE,0,0,,
,,CPT:CP08:LN1:ALM,CP0 LN2D - CPT-88101 Press. Low,TRUE,0,0,,
,,CPT:CP08:LN2:ALM,CP0 LN2D - CPT-88101 Press. High,TRUE,0,0,,
,,CPT:CP08:LN3:ALM,CP0 LN2D - CPT-88201 Press. Low,TRUE,0,0,,
,,CPT:CP08:LN4:ALM,CP0 LN2D - CPT-88201 Press. High,TRUE,0,0,,
,,CLT:CP08:LN5:ALM,CP0 LN2D - CLT-88101 Level Low,TRUE,0,0,,
,,CLT:CP08:LN6:ALM,CP0 LN2D - CLT-88101 Level High,TRUE,0,0,,
,,CLT:CP08:LN7:ALM,CP0 LN2D - CLT-88201 Level Low,TRUE,0,0,,
,,CLT:CP08:LN8:ALM,CP0 LN2D - CLT-88101 Level High,TRUE,0,0,,
1,Auxiliaries,CRYO:CP0:AUX:STATSUMY,,,,,,Alarm handler summary PV: CRYO:CP0:AUX:STATSUMY
2,Guard Vacuum,CRYO:CP0:GV:STATSUMY,,,,,,Alarm handler summary PV: CRYO:CP0:GV:STATSUMY
,,UTIL:CP01:3:ALARM_STATUS,CP0 GV - Guard Vacuum,TRUE,0,0,,
,,CPT:CP08:GV1:ALM,CP0 GV - CPT-84000 Press. High,TRUE,0,0,,
,,CPT:CP08:GV2:ALM,CP0 GV - C2PT-84030 Press. High,TRUE,0,0,,
,,CPT:CP08:GV3:ALM,CP0 GV - C2PT-84020 Press. High,TRUE,0,0,,
,,CPT:CP08:GV4:ALM,CP0 GV - C1PT-84010 Press. High,TRUE,0,0,,
,,CPT:CP08:GV5:ALM,CP0 GV - C1PT-84004 Press. High,TRUE,0,0,,
2,Analyzers,CRYO:CP0:CANL:STATSUMY,,,,,,Alarm handler summary PV: CRYO:CP0:CANL:STATSUMY
,,UTIL:CP01:2:ALARM_STATUS,CP0 CANL - Analyzers,TRUE,0,0,,
,,CANL:CP12:ANL1:ALM,CP0 CANL - C1-ANL-23821 High,TRUE,0,0,,
,,CANL:CP12:ANL2:ALM,CP0 CANL - C1-ANL-23822 High,TRUE,0,0,,
,,CANL:CP12:ANL3:ALM,CP0 CANL - C1-ANL-23823 High,TRUE,0,0,,
,,CANL:CP22:ANL4:ALM,CP0 CANL - C2-ANL-23821 High,TRUE,0,0,,
,,CANL:CP12:ANL5:ALM,CP0 CANL - C1-ANL-23801 High,TRUE,0,0,,
,,CANL:CP12:ANL6:ALM,CP0 CANL - C1-ANL-23802 High,TRUE,0,0,,
,,CANL:CP12:ANL7:ALM,CP0 CANL - C1-ANL-23803 High,TRUE,0,0,,
,,CANL:CP12:ANL8:ALM,CP0 CANL - C1-ANL-23804 High,TRUE,0,0,,
,,CANL:CP12:ANL9:ALM,CP0 CANL - C1-ANL-23805 High,TRUE,0,0,,
,,CANL:CP12:ANL10:ALM,CP0 CANL - C1-ANL-23806 High,TRUE,0,0,,
,,CANL:CP22:ANL11:ALM,CP0 CANL - C2-ANL-23801 High,TRUE,0,0,,
,,CANL:CP22:ANL12:ALM,CP0 CANL - C2-ANL-23802 High,TRUE,0,0,,
,,CANL:CP22:ANL13:ALM,CP0 CANL - C2-ANL-23803 High,TRUE,0,0,,
2,Recovery System,CRYO:CP0:RCVY:STATSUMY,,,,,,Alarm handler summary PV: CRYO:CP0:RCVY:STATSUMY
,,UTIL:CP01:1:ALARM_STATUS,CP0 RCVY - Recovery System,TRUE,0,0,,
,,CPT:CP07:RC1:ALM,CP0 RCVY - CPT-71010 RC Suction Press. High,TRUE,0,0,,
,,CPT:CP07:RC2:ALM,CP0 RCVY - CPT-71010 RC Suction Press. Low,TRUE,0,0,,
,,CPT:CP07:RC3:ALM,CP0 RCVY - CPT-71030 RC Discharge Press. High,TRUE,0,0,,
,,CPT:CP07:RC4:ALM,CP0 RCVY - CPT-71030 RC Discharge Press. Low,TRUE,0,0,,
,,CPT:CP07:RC5:ALM,CP0 RCVY - CPT-11034 Purifier Dis. Press. High,TRUE,0,0,,
,,CPT:CP07:RC6:ALM,CP0 RCVY - CPT-11035 Dirty Line Press. Low,TRUE,0,0,,
,,CPT:CP07:RC7:ALM,CP0 RCVY - CPT-11035 Dirty Line Press. High,TRUE,0,0,,
2,Purifier 1,CRYO:CP0:PURF1:STATSUMY,,,,,,Alarm handler summary PV: CRYO:CP0:PURF1:STATSUMY
,,UTIL:CP01:6:ALARM_STATUS,"CP0 PURF1 - Purifier 1 ",TRUE,0,0,,
,,CTP:CP07:ADS11:ALM,CP0 PURF1 - TP-73112 Temp. High,TRUE,0,0,,
,,CTP:CP07:ADS12:ALM,CP0 PURF1 - TP-73162 Temp. Low,TRUE,0,0,,
,,CTP:CP07:ADS13:ALM,CP0 PURF1 - TP-73131 Temp. Low,TRUE,0,0,,
,,CTP:CP07:ADS14:ALM,CP0 PURF1 - CTP-73124H Temp. High,TRUE,0,0,,
,,CPDT:CP07:ADS15:ALM,CP0 PURF1 - PDT-731 DP High,TRUE,0,0,,
,,CLT:CP07:ADS16:ALM,CP0 PURF1 - LT-73162 Level Low,TRUE,0,0,,
,,CPT:CP07:ADS17:ALM,CP0 PURF1 - CPT-73154 Press. Low,TRUE,0,0,,
2,Purifier 2,CRYO:CP0:PURF2:STATSUMY,,,,,,Alarm handler summary PV: CRYO:CP0:PURF2:STATSUMY
,,UTIL:CP01:7:ALARM_STATUS,CP0 PURF2 - Purifier 2,TRUE,0,0,,
,,CTP:CP07:ADS21:ALM,CP0 PURF2 - TP-73212 Temp.High,TRUE,0,0,,
,,CTP:CP07:ADS22:ALM,CP0 PURF2 - TP-73262 Temp. Low,TRUE,0,0,,
,,CTP:CP07:ADS23:ALM,CP0 PURF2 - TP-73231 Temp. Low,TRUE,0,0,,
,,CTP:CP07:ADS24:ALM,CP0 PURF2 - CTP-73224H Temp. High,TRUE,0,0,,
,,CPDT:CP07:ADS25:ALM,CP0 PURF2 - PDT-732 DP High,TRUE,0,0,,
,,CLT:CP07:ADS26:ALM,CP0 PURF2 - LT-73262 Level Low,TRUE,0,0,,
,,CPT:CP07:ADS27:ALM,CP0 PURF2 - CPT-73254 Press. Low,TRUE,0,0,,
1,"Cryoplant 1 ",CRYO:CP1:STATSUMY,,,,,,Alarm handler summary PV: CRYO:CP1:STATSUMY
2,Gas Management,CRYO:CP1:GMGT:STATSUMY,,,,,,Alarm handler summary PV: CRYO:CP1:GMGT:STATSUMY
,,SIOC:CP12:CR07:HEARTBEAT,CP1 GMGT - Gas management IOC,TRUE,0,0,,"The EPICS IOC may not be running correctly. Try rebooting it from the network page. Call controls engineer if alarm does not clear after a minute. "
,,PLC:CP12:CR07:ALARM2_B0,CP1 GMGT - Gas management PLC,TRUE,0,0,,"The PLC is not communicating with the EPICS IOC. Call controls engineer. "
,,CPT:CP12:G1:ALM,CP1 GMGT - LP Pressure Low,TRUE,0,0,,
,,CPT:CP12:G2:ALM,CP1 GMGT - MP Pressure Ratio Low,TRUE,0,0,,
,,CPT:CP12:G3:ALM,CP1 GMGT - MP Compressor DP Low,TRUE,0,0,,
,,CPT:CP12:G4:ALM,CP1 GMGT - HP Compressor PR/DP Low,TRUE,0,0,,
,,CPT:CP12:G5:ALM,CP1 GMGT - HP Compressor DP Low,TRUE,0,0,,
,,CPV:CP12:G6:ALM,CP1 GMGT - HP-MPH Bypass Valve PID Controller,TRUE,0,0,,
,,CTP:CP12:G7:ALM,CP1 GMGT - Final Oil Removal Discharge Temp Low,TRUE,0,0,,
,,CTP:CP12:G8:ALM,CP1 GMGT - Final Oil Removal Discharge Temp High,TRUE,0,0,,
,,CTP:CP12:G9:ALM,CP1 GMGT - MP Cold Box Return Temp Low,TRUE,0,0,,
,,CTP:CP12:G10:ALM,CP1 GMGT - LP Cold Box Return Temp Low,TRUE,0,0,,
,,CPT:CP12:G11:ALM,CP1 GMGT - HP Discharge Pressure Low,TRUE,0,0,,
,,CPT:CP12:G12:ALM,CP1 GMGT - HP Discharge Pressure High,TRUE,0,0,,
,,CPT:CP12:G13:ALM,CP1 GMGT - MPH Line Pressure Low,TRUE,0,0,,
,,CPT:CP12:G14:ALM,CP1 GMGT - MPH Line Pressure High,TRUE,0,0,,
,,CPT:CP12:G15:ALM,CP1 GMGT - MP Line Pressure Low,TRUE,0,0,,
,,CPT:CP12:G16:ALM,CP1 GMGT - MP Line Pressure High,TRUE,0,0,,
,,CPT:CP12:G17:ALM,CP1 GMGT - LP Line Pressure Low,TRUE,0,0,,
,,CPT:CP12:G18:ALM,CP1 GMGT - LP Line Pressure High,TRUE,0,0,,
,,CPDT:CP12:G19:ALM,CP1 GMGT - Carbon Bed DP High,TRUE,0,0,,
2,Warm compressor 1,CRYO:CP1:WCMP1:STATSUMY,,,,,,Alarm handler summary PV: CRYO:CP1:WCMP1:STATSUMY
,,SIOC:CP12:CR01:HEARTBEAT,CP1 WCMP1 - Warm compressor 1 IOC,TRUE,0,0,,"The EPICS IOC may not be running correctly. Try rebooting it from the network page. Call controls engineer if alarm does not clear after a minute. "
,,PLC:CP12:CR01:ALARM2_B0,CP1 WCMP1 - Warm compressor 1 PLC,TRUE,0,0,,"The PLC is not communicating with the EPICS IOC. Call controls engineer. "
,,WCMP:CP12:11:C100_ALARM,CP1 WCMP1 - Warm compressor 1,TRUE,0,0,,
,,CPT:CP12:11:ALM,CP1 WCMP1 - Suction Pressure Low,TRUE,0,0,,
,,CPT:CP12:21:ALM,CP1 WCMP1 - Suction Pressure High,TRUE,0,0,,
,,CPT:CP12:31:ALM,CP1 WCMP1 - Discharge Pressure Low,TRUE,0,0,,
,,CPT:CP12:41:ALM,CP1 WCMP1 - Discharge Pressure High,TRUE,0,0,,
,,CPT:CP12:51:ALM,CP1 WCMP1 - Cooling Water Pressure Low,TRUE,0,0,,
,,CPD:CP12:61:ALM,CP1 WCMP1 - Oil Cooling DP High,TRUE,0,0,,
,,CPD:CP12:71:ALM,CP1 WCMP1 - Oil Cooling DP Low,TRUE,0,0,,
,,CPDT:CP12:81:ALM,CP1 WCMP1 - Bearing Oil DP Low,TRUE,0,0,,
,,CPDT:CP12:91:ALM,CP1 WCMP1 - Bearing Oil DP High,TRUE,0,0,,
,,CPD:CP12:101:ALM,CP1 WCMP1 - Bearing Oil FLT21139 DP High,TRUE,0,0,,
,,CTP:CP12:111:ALM,CP1 WCMP1 - Discharge Temperature High,TRUE,0,0,,
,,CTP:CP12:121:ALM,CP1 WCMP1 - Suction Temperature Low,TRUE,0,0,,
,,CTP:CP12:131:ALM,CP1 WCMP1 - Skid Discharge Temperature High,TRUE,0,0,,
,,CTP:CP12:141:ALM,CP1 WCMP1 - Oil Pump Suction Temperature Low,TRUE,0,0,,
,,CTP:CP12:151:ALM,CP1 WCMP1 - Oil Pump Suction Temperature High,TRUE,0,0,,
,,CTP:CP12:161:ALM,CP1 WCMP1 - Cooling Water Inlet Temperature High,TRUE,0,0,,
,,CDT:CP12:171:ALM,CP1 WCMP1 - Cooling Water Delta Temperature High,TRUE,0,0,,
,,CJTM:CP12:181:ALM,CP1 WCMP1 - CMP211 Motor Current High,TRUE,0,0,,
,,CTP:CP12:191:ALM,CP1 WCMP1 - Motor Winding #1 Temperature High,TRUE,0,0,,
,,CTP:CP12:201:ALM,CP1 WCMP1 - Motor Winding #2 Temperature High,TRUE,0,0,,
,,CTP:CP12:211:ALM,CP1 WCMP1 - Motor Winding #3 Temperature High,TRUE,0,0,,
,,CTP:CP12:221:ALM,CP1 WCMP1 - Motor Bearing #1 Temperature High,TRUE,0,0,,
,,CTP:CP12:231:ALM,CP1 WCMP1 - Motor Bearing #2 Temperature High,TRUE,0,0,,
2,Warm compressor 2,CRYO:CP1:WCMP2:STATSUMY,,,,,,Alarm handler summary PV: CRYO:CP1:WCMP2:STATSUMY
,,SIOC:CP12:CR02:HEARTBEAT,CP1 WCMP2 - Warm compressor 2 IOC,TRUE,0,0,,"The EPICS IOC may not be running correctly. Try rebooting it from the network page. Call controls engineer if alarm does not clear after a minute. "
,,PLC:CP12:CR02:ALARM2_B0,CP1 WCMP2 - Warm compressor 2 PLC,TRUE,0,0,,"The PLC is not communicating with the EPICS IOC. Call controls engineer. "
,,WCMP:CP12:12:C100_ALARM,CP1 WCMP2 - Warm compressor 2,TRUE,0,0,,
,,CPT:CP12:12:ALM,CP1 WCMP2 - Suction Pressure Low,TRUE,0,0,,
,,CPT:CP12:22:ALM,CP1 WCMP2 - Suction Pressure High,TRUE,0,0,,
,,CPT:CP12:32:ALM,CP1 WCMP2 - Discharge Pressure Low,TRUE,0,0,,
,,CPT:CP12:42:ALM,CP1 WCMP2 - Discharge Pressure High,TRUE,0,0,,
,,CPT:CP12:52:ALM,CP1 WCMP2 - Cooling Water Pressure Low,TRUE,0,0,,
,,CPD:CP12:62:ALM,CP1 WCMP2 - Oil Cooling DP High,TRUE,0,0,,
,,CPD:CP12:72:ALM,CP1 WCMP2 - Oil Cooling DP Low,TRUE,0,0,,
,,CPDT:CP12:82:ALM,CP1 WCMP2 - Bearing Oil DP Low,TRUE,0,0,,
,,CPDT:CP12:92:ALM,CP1 WCMP2 - Bearing Oil DP High,TRUE,0,0,,
,,CPD:CP12:102:ALM,CP1 WCMP2 - Bearing Oil FLT21139 DP High,TRUE,0,0,,
,,CTP:CP12:112:ALM,CP1 WCMP2 - Discharge Temperature High,TRUE,0,0,,
,,CTP:CP12:122:ALM,CP1 WCMP2 - Suction Temperature Low,TRUE,0,0,,
,,CTP:CP12:132:ALM,CP1 WCMP2 - Skid Discharge Temperature High,TRUE,0,0,,
,,CTP:CP12:142:ALM,CP1 WCMP2 - Oil Pump Suction Temperature Low,TRUE,0,0,,
,,CTP:CP12:152:ALM,CP1 WCMP2 - Oil Pump Suction Temperature High,TRUE,0,0,,
,,CTP:CP12:162:ALM,CP1 WCMP2 - Cooling Water Inlet Temperature High,TRUE,0,0,,
,,CDT:CP12:172:ALM,CP1 WCMP2 - Cooling Water Delta Temperature High,TRUE,0,0,,
,,CJTM:CP12:182:ALM,CP1 WCMP2 - CMP211 Motor Current High,TRUE,0,0,,
,,CTP:CP12:192:ALM,CP1 WCMP2 - Motor Winding #1 Temperature High,TRUE,0,0,,
,,CTP:CP12:202:ALM,CP1 WCMP2 - Motor Winding #2 Temperature High,TRUE,0,0,,
,,CTP:CP12:212:ALM,CP1 WCMP2 - Motor Winding #3 Temperature High,TRUE,0,0,,
,,CTP:CP12:222:ALM,CP1 WCMP2 - Motor Bearing #1 Temperature High,TRUE,0,0,,
,,CTP:CP12:232:ALM,CP1 WCMP2 - Motor Bearing #2 Temperature High,TRUE,0,0,,
2,Warm compressor 3,CRYO:CP1:WCMP3:STATSUMY,,,,,,Alarm handler summary PV: CRYO:CP1:WCMP3:STATSUMY
,,SIOC:CP12:CR03:HEARTBEAT,CP1 WCMP3 - Warm compressor 3 IOC,TRUE,0,0,,"The EPICS IOC may not be running correctly. Try rebooting it from the network page. Call controls engineer if alarm does not clear after a minute. "
,,PLC:CP12:CR03:ALARM2_B0,CP1 WCMP3 - Warm compressor 3 PLC,TRUE,0,0,,"The PLC is not communicating with the EPICS IOC. Call controls engineer. "
,,WCMP:CP12:13:C100_ALARM,CP1 WCMP3 - Warm compressor 3,TRUE,0,0,,
,,CPT:CP12:13:ALM,CP1 WCMP3 - Suction Pressure Low,TRUE,0,0,,
,,CPT:CP12:23:ALM,CP1 WCMP3 - Suction Pressure High,TRUE,0,0,,
,,CPT:CP12:33:ALM,CP1 WCMP3 - Discharge Pressure Low,TRUE,0,0,,
,,CPT:CP12:43:ALM,CP1 WCMP3 - Discharge Pressure High,TRUE,0,0,,
,,CPT:CP12:53:ALM,CP1 WCMP3 - Cooling Water Pressure Low,TRUE,0,0,,
,,CPD:CP12:63:ALM,CP1 WCMP3 - Oil Cooling DP High,TRUE,0,0,,
,,CPD:CP12:73:ALM,CP1 WCMP3 - Oil Cooling DP Low,TRUE,0,0,,
,,CPDT:CP12:83:ALM,CP1 WCMP3 - Bearing Oil DP Low,TRUE,0,0,,
,,CPDT:CP12:93:ALM,CP1 WCMP3 - Bearing Oil DP High,TRUE,0,0,,
,,CPD:CP12:103:ALM,CP1 WCMP3 - Bearing Oil FLT21139 DP High,TRUE,0,0,,
,,CTP:CP12:113:ALM,CP1 WCMP3 - Discharge Temperature High,TRUE,0,0,,
,,CTP:CP12:123:ALM,CP1 WCMP3 - Suction Temperature Low,TRUE,0,0,,
,,CTP:CP12:133:ALM,CP1 WCMP3 - Skid Discharge Temperature High,TRUE,0,0,,
,,CTP:CP12:143:ALM,CP1 WCMP3 - Oil Pump Suction Temperature Low,TRUE,0,0,,
,,CTP:CP12:153:ALM,CP1 WCMP3 - Oil Pump Suction Temperature High,TRUE,0,0,,
,,CTP:CP12:163:ALM,CP1 WCMP3 - Cooling Water Inlet Temperature High,TRUE,0,0,,
,,CDT:CP12:173:ALM,CP1 WCMP3 - Cooling Water Delta Temperature High,TRUE,0,0,,
,,CJTM:CP12:183:ALM,CP1 WCMP3 - CMP211 Motor Current High,TRUE,0,0,,
,,CTP:CP12:193:ALM,CP1 WCMP3 - Motor Winding #1 Temperature High,TRUE,0,0,,
,,CTP:CP12:203:ALM,CP1 WCMP3 - Motor Winding #2 Temperature High,TRUE,0,0,,
,,CTP:CP12:213:ALM,CP1 WCMP3 - Motor Winding #3 Temperature High,TRUE,0,0,,
,,CTP:CP12:223:ALM,CP1 WCMP3 - Motor Bearing #1 Temperature High,TRUE,0,0,,
,,CTP:CP12:233:ALM,CP1 WCMP3 - Motor Bearing #2 Temperature High,TRUE,0,0,,
2,Warm compressor 4,CRYO:CP1:WCMP4:STATSUMY,,,,,,Alarm handler summary PV: CRYO:CP1:WCMP4:STATSUMY
,,SIOC:CP12:CR04:HEARTBEAT,CP1 WCMP4 - Warm compressor 4 IOC,TRUE,0,0,,"The EPICS IOC may not be running correctly. Try rebooting it from the network page. Call controls engineer if alarm does not clear after a minute. "
,,PLC:CP12:CR04:ALARM2_B0,CP1 WCMP4 - Warm compressor 4 PLC,TRUE,0,0,,"The PLC is not communicating with the EPICS IOC. Call controls engineer. "
,,WCMP:CP12:14:C100_ALARM,CP1 WCMP4 - Warm compressor 4,TRUE,0,0,,
,,CPT:CP12:14:ALM,CP1 WCMP4 - Suction Pressure Low,TRUE,0,0,,
,,CPT:CP12:24:ALM,CP1 WCMP4 - Suction Pressure High,TRUE,0,0,,
,,CPT:CP12:34:ALM,CP1 WCMP4 - Discharge Pressure Low,TRUE,0,0,,
,,CPT:CP12:44:ALM,CP1 WCMP4 - Discharge Pressure High,TRUE,0,0,,
,,CPT:CP12:54:ALM,CP1 WCMP4 - Cooling Water Pressure Low,TRUE,0,0,,
,,CPD:CP12:64:ALM,CP1 WCMP4 - Oil Cooling DP High,TRUE,0,0,,
,,CPD:CP12:74:ALM,CP1 WCMP4 - Oil Cooling DP Low,TRUE,0,0,,
,,CPDT:CP12:84:ALM,CP1 WCMP4 - Bearing Oil DP Low,TRUE,0,0,,
,,CPDT:CP12:94:ALM,CP1 WCMP4 - Bearing Oil DP High,TRUE,0,0,,
,,CPD:CP12:104:ALM,CP1 WCMP4 - Bearing Oil FLT21139 DP High,TRUE,0,0,,
,,CTP:CP12:114:ALM,CP1 WCMP4 - Discharge Temperature High,TRUE,0,0,,
,,CTP:CP12:124:ALM,CP1 WCMP4 - Suction Temperature Low,TRUE,0,0,,
,,CTP:CP12:134:ALM,CP1 WCMP4 - Skid Discharge Temperature High,TRUE,0,0,,
,,CTP:CP12:144:ALM,CP1 WCMP4 - Oil Pump Suction Temperature Low,TRUE,0,0,,
,,CTP:CP12:154:ALM,CP1 WCMP4 - Oil Pump Suction Temperature High,TRUE,0,0,,
,,CTP:CP12:164:ALM,CP1 WCMP4 - Cooling Water Inlet Temperature High,TRUE,0,0,,
,,CDT:CP12:174:ALM,CP1 WCMP4 - Cooling Water Delta Temperature High,TRUE,0,0,,
,,CJTM:CP12:184:ALM,CP1 WCMP4 - CMP211 Motor Current High,TRUE,0,0,,
,,CTP:CP12:194:ALM,CP1 WCMP4 - Motor Winding #1 Temperature High,TRUE,0,0,,
,,CTP:CP12:204:ALM,CP1 WCMP4 - Motor Winding #2 Temperature High,TRUE,0,0,,
,,CTP:CP12:214:ALM,CP1 WCMP4 - Motor Winding #3 Temperature High,TRUE,0,0,,
,,CTP:CP12:224:ALM,CP1 WCMP4 - Motor Bearing #1 Temperature High,TRUE,0,0,,
,,CTP:CP12:234:ALM,CP1 WCMP4 - Motor Bearing #2 Temperature High,TRUE,0,0,,
2,Warm compressor 5,CRYO:CP1:WCMP5:STATSUMY,,,,,,Alarm handler summary PV: CRYO:CP1:WCMP5:STATSUMY
,,SIOC:CP12:CR05:HEARTBEAT,CP1 WCMP5 - Warm compressor 5 IOC,TRUE,0,0,,"The EPICS IOC may not be running correctly. Try rebooting it from the network page. Call controls engineer if alarm does not clear after a minute. "
,,PLC:CP12:CR05:ALARM2_B0,CP1 WCMP5 - Warm compressor 5 PLC,TRUE,0,0,,"The PLC is not communicating with the EPICS IOC. Call controls engineer. "
,,WCMP:CP12:15:C100_ALARM,CP1 WCMP5 - Warm compressor 5,TRUE,0,0,,
,,CPT:CP12:15:ALM,CP1 WCMP5 - Suction Pressure Low,TRUE,0,0,,
,,CPT:CP12:25:ALM,CP1 WCMP5 - Suction Pressure High,TRUE,0,0,,
,,CPT:CP12:35:ALM,CP1 WCMP5 - Discharge Pressure Low,TRUE,0,0,,
,,CPT:CP12:45:ALM,CP1 WCMP5 - Discharge Pressure High,TRUE,0,0,,
,,CPT:CP12:55:ALM,CP1 WCMP5 - Cooling Water Pressure Low,TRUE,0,0,,
,,CPD:CP12:65:ALM,CP1 WCMP5 - Oil Cooling DP High,TRUE,0,0,,
,,CPD:CP12:75:ALM,CP1 WCMP5 - Oil Cooling DP Low,TRUE,0,0,,
,,CPDT:CP12:85:ALM,CP1 WCMP5 - Bearing Oil DP Low,TRUE,0,0,,
,,CPDT:CP12:95:ALM,CP1 WCMP5 - Bearing Oil DP High,TRUE,0,0,,
,,CPD:CP12:105:ALM,CP1 WCMP5 - Bearing Oil FLT21139 DP High,TRUE,0,0,,
,,CTP:CP12:115:ALM,CP1 WCMP5 - Discharge Temperature High,TRUE,0,0,,
,,CTP:CP12:125:ALM,CP1 WCMP5 - Suction Temperature Low,TRUE,0,0,,
,,CTP:CP12:135:ALM,CP1 WCMP5 - Skid Discharge Temperature High,TRUE,0,0,,
,,CTP:CP12:145:ALM,CP1 WCMP5 - Oil Pump Suction Temperature Low,TRUE,0,0,,
,,CTP:CP12:155:ALM,CP1 WCMP5 - Oil Pump Suction Temperature High,TRUE,0,0,,
,,CTP:CP12:165:ALM,CP1 WCMP5 - Cooling Water Inlet Temperature High,TRUE,0,0,,
,,CDT:CP12:175:ALM,CP1 WCMP5 - Cooling Water Delta Temperature High,TRUE,0,0,,
,,CJTM:CP12:185:ALM,CP1 WCMP5 - CMP211 Motor Current High,TRUE,0,0,,
,,CTP:CP12:195:ALM,CP1 WCMP5 - Motor Winding #1 Temperature High,TRUE,0,0,,
,,CTP:CP12:205:ALM,CP1 WCMP5 - Motor Winding #2 Temperature High,TRUE,0,0,,
,,CTP:CP12:215:ALM,CP1 WCMP5 - Motor Winding #3 Temperature High,TRUE,0,0,,
,,CTP:CP12:225:ALM,CP1 WCMP5 - Motor Bearing #1 Temperature High,TRUE,0,0,,
,,CTP:CP12:235:ALM,CP1 WCMP5 - Motor Bearing #2 Temperature High,TRUE,0,0,,
2,Warm compressor 6,CRYO:CP1:WCMP6:STATSUMY,,,,,,Alarm handler summary PV: CRYO:CP1:WCMP6:STATSUMY
,,SIOC:CP12:CR06:HEARTBEAT,CP1 WCMP6 - Warm compressor 6 IOC,TRUE,0,0,,"The EPICS IOC may not be running correctly. Try rebooting it from the network page. Call controls engineer if alarm does not clear after a minute. "
,,PLC:CP12:CR06:ALARM2_B0,CP1 WCMP6 - Warm compressor 6 PLC,TRUE,0,0,,"The PLC is not communicating with the EPICS IOC. Call controls engineer. "
,,WCMP:CP12:16:C100_ALARM,CP1 WCMP6 - Warm compressor 6,TRUE,0,0,,
,,CPT:CP12:16:ALM,CP1 WCMP6 - Suction Pressure Low,TRUE,0,0,,
,,CPT:CP12:26:ALM,CP1 WCMP6 - Suction Pressure High,TRUE,0,0,,
,,CPT:CP12:36:ALM,CP1 WCMP6 - Discharge Pressure Low,TRUE,0,0,,
,,CPT:CP12:46:ALM,CP1 WCMP6 - Discharge Pressure High,TRUE,0,0,,
,,CPT:CP12:56:ALM,CP1 WCMP6 - Cooling Water Pressure Low,TRUE,0,0,,
,,CPD:CP12:66:ALM,CP1 WCMP6 - Oil Cooling DP High,TRUE,0,0,,
,,CPD:CP12:76:ALM,CP1 WCMP6 - Oil Cooling DP Low,TRUE,0,0,,
,,CPDT:CP12:86:ALM,CP1 WCMP6 - Bearing Oil DP Low,TRUE,0,0,,
,,CPDT:CP12:96:ALM,CP1 WCMP6 - Bearing Oil DP High,TRUE,0,0,,
,,CPD:CP12:106:ALM,CP1 WCMP6 - Bearing Oil FLT21139 DP High,TRUE,0,0,,
,,CTP:CP12:116:ALM,CP1 WCMP6 - Discharge Temperature High,TRUE,0,0,,
,,CTP:CP12:126:ALM,CP1 WCMP6 - Suction Temperature Low,TRUE,0,0,,
,,CTP:CP12:136:ALM,CP1 WCMP6 - Skid Discharge Temperature High,TRUE,0,0,,
,,CTP:CP12:146:ALM,CP1 WCMP6 - Oil Pump Suction Temperature Low,TRUE,0,0,,
,,CTP:CP12:156:ALM,CP1 WCMP6 - Oil Pump Suction Temperature High,TRUE,0,0,,
,,CTP:CP12:166:ALM,CP1 WCMP6 - Cooling Water Inlet Temperature High,TRUE,0,0,,
,,CDT:CP12:176:ALM,CP1 WCMP6 - Cooling Water Delta Temperature High,TRUE,0,0,,
,,CJTM:CP12:186:ALM,CP1 WCMP6 - CMP211 Motor Current High,TRUE,0,0,,
,,CTP:CP12:196:ALM,CP1 WCMP6 - Motor Winding #1 Temperature High,TRUE,0,0,,
,,CTP:CP12:206:ALM,CP1 WCMP6 - Motor Winding #2 Temperature High,TRUE,0,0,,
,,CTP:CP12:216:ALM,CP1 WCMP6 - Motor Winding #3 Temperature High,TRUE,0,0,,
,,CTP:CP12:226:ALM,CP1 WCMP6 - Motor Bearing #1 Temperature High,TRUE,0,0,,
,,CTP:CP12:236:ALM,CP1 WCMP6 - Motor Bearing #2 Temperature High,TRUE,0,0,,
2,4K Coldbox,CRYO:CP1:4KCB:STATSUMY,,,,,,Alarm handler summary PV: CRYO:CP1:4KCB:STATSUMY
,,SIOC:CP12:CR08:HEARTBEAT,CP1 4KCB - 4K coldbox IOC,TRUE,0,0,,"The EPICS IOC may not be running correctly. Try rebooting it from the network page. Call controls engineer if alarm does not clear after a minute. "
,,PLC:CP12:CR08:ALARM2_B0,CP1 4KCB - 4K coldbox PLC,TRUE,0,0,,"The PLC is not communicating with the EPICS IOC. Call controls engineer. "
,,CLT:CP12:2510:LOLO,CP1 4KCB - LN2 Pre-cooling,TRUE,0,0,,
,,CCBX:CP12:0:ADS_ALM,CP1 4KCB - 80K adsorbers,TRUE,0,0,,
,,CPT:CP12:2432:TRIPHI,CP1 4KCB - Trip:T1 inlet pressure high,TRUE,0,0,,
,,CPT:CP12:2332:TRIPLO,CP1 4KCB - Trip:T1 discharge pressure low,TRUE,0,0,,
,,CPT:CP12:2332:TRIPHI,CP1 4KCB - Trip:T1 discharge pressure high,TRUE,0,0,,
,,CPDT:CP12:2X35:TRIPLO,CP1 4KCB - Trip:T1 bearing pressure diff low,TRUE,0,0,,
,,CPDT:CP12:2X3X:TRIPLO,CP1 4KCB - Trip:T1 brake pressure low,TRUE,0,0,,
,,CPDT:CP12:2X3X:TRIPHI,CP1 4KCB - Trip:T1 brake pressure high,TRUE,0,0,,
,,CTBN:CP12:1:KTRIPHI,CP1 4KCB - Trip:T1 wheel pressure high,TRUE,0,0,,
,,CPDT:CP12:243X:TRIPHI,CP1 4KCB - Trip:T1 inlet filter press drop high,TRUE,0,0,,
,,CTD:CP12:2332:TRIPLO,CP1 4KCB - Trip:T1 discharge temp low,TRUE,0,0,,
,,CTT:CP12:2436:TRIPHI,CP1 4KCB - Trip:T1 brake temp high,TRUE,0,0,,
,,CTT:CP12:2435:TRIPLO,CP1 4KCB - Trip:T1 bearing temp low,TRUE,0,0,,
,,CST:CP12:2433:TRIPLO,CP1 4KCB - Trip:T1 no speed,TRUE,0,0,,
,,CST:CP12:2433:TRIPHI,CP1 4KCB - Trip:T1 speed high,TRUE,0,0,,
,,CPV:CP12:2432:TRIPLO,CP1 4KCB - Trip:T1 inlet valve closed,TRUE,0,0,,
,,CPV:CP12:2242:TRIPLO,CP1 4KCB - Trip:T1 outlet valves opening issue,TRUE,0,0,,
,,CPT:CP12:2452:TRIPHI,CP1 4KCB - Trip:T2 inlet pressure high,TRUE,0,0,,
,,CPT:CP12:2352:TRIPLO,CP1 4KCB - Trip:T2 discharge pressure low,TRUE,0,0,,
,,CPT:CP12:2352:TRIPHI,CP1 4KCB - Trip:T2 discharge pressure high,TRUE,0,0,,
,,CPDT:CP12:2X55:TRIPLO,CP1 4KCB - Trip:T2 bearing pressure diff low,TRUE,0,0,,
,,CPDT:CP12:2X5X:TRIPLO,CP1 4KCB - Trip:T2 brake pressure low,TRUE,0,0,,
,,CPDT:CP12:2X5X:TRIPHI,CP1 4KCB - Trip:T2 brake pressure high,TRUE,0,0,,
,,CTBN:CP12:2:KTRIPHI,CP1 4KCB - Trip:T2 wheel pressure high,TRUE,0,0,,
,,CPDT:CP12:245X:TRIPHI,CP1 4KCB - Trip:T2 inlet filter press drop high,TRUE,0,0,,
,,CTD:CP12:2352:TRIPLO,CP1 4KCB - Trip:T2 discharge temp low,TRUE,0,0,,
,,CTT:CP12:2456:TRIPHI,CP1 4KCB - Trip:T2 brake temp high,TRUE,0,0,,
,,CTT:CP12:2455:TRIPLO,CP1 4KCB - Trip:T2 bearing temp low,TRUE,0,0,,
,,CST:CP12:2453:TRIPLO,CP1 4KCB - Trip:T2 no speed,TRUE,0,0,,
,,CST:CP12:2453:TRIPHI,CP1 4KCB - Trip:T2 speed high,TRUE,0,0,,
,,CPV:CP12:2452:TRIPLO,CP1 4KCB - Trip:T2 inlet valve closed,TRUE,0,0,,
,,CPV:CP12:2358:TRIPLO,CP1 4KCB - Trip:T2 outlet valve opening issue,TRUE,0,0,,
,,CPT:CP12:2472:TRIPHI,CP1 4KCB - Trip:T3 inlet pressure high,TRUE,0,0,,
,,CPT:CP12:2372:TRIPLO,CP1 4KCB - Trip:T3 discharge pressure low,TRUE,0,0,,
,,CPT:CP12:2372:TRIPHI,CP1 4KCB - Trip:T3 discharge pressure high,TRUE,0,0,,
,,CPDT:CP12:2X75:TRIPLO,CP1 4KCB - Trip:T3 bearing pressure diff low,TRUE,0,0,,
,,CPDT:CP12:2X7X:TRIPLO,CP1 4KCB - Trip:T3 brake pressure low,TRUE,0,0,,
,,CPDT:CP12:2X7X:TRIPHI,CP1 4KCB - Trip:T3 brake pressure high,TRUE,0,0,,
,,CTBN:CP12:3:KTRIPHI,CP1 4KCB - Trip:T3 wheel pressure high,TRUE,0,0,,
,,CPDT:CP12:247X:TRIPHI,CP1 4KCB - Trip:T3 inlet filter press drop high,TRUE,0,0,,
,,CTD:CP12:2372:TRIPLO,CP1 4KCB - Trip:T3 discharge temp low,TRUE,0,0,,
,,CTT:CP12:2476:TRIPHI,CP1 4KCB - Trip:T3 brake temp high,TRUE,0,0,,
,,CTT:CP12:2475:TRIPLO,CP1 4KCB - Trip:T3 bearing temp low,TRUE,0,0,,
,,CST:CP12:2473:TRIPLO,CP1 4KCB - Trip:T3 no speed,TRUE,0,0,,
,,CST:CP12:2473:TRIPHI,CP1 4KCB - Trip:T3 speed high,TRUE,0,0,,
,,CPV:CP12:2472:TRIPLO,CP1 4KCB - Trip:T3 inlet valve closed,TRUE,0,0,,
,,CPV:CP12:2378:TRIPLO,CP1 4KCB - Trip:T3 outlet valve opening issue,TRUE,0,0,,
,,CPT:CP12:2482:TRIPHI,CP1 4KCB - Trip:T4 inlet pressure high,TRUE,0,0,,
,,CPT:CP12:2382:TRIPLO,CP1 4KCB - Trip:T4 discharge pressure low,TRUE,0,0,,
,,CPT:CP12:2382:TRIPHI,CP1 4KCB - Trip:T4 discharge pressure high,TRUE,0,0,,
,,CPDT:CP12:2X85:TRIPLO,CP1 4KCB - Trip:T4 bearing pressure diff low,TRUE,0,0,,
,,CPDT:CP12:2X8X:TRIPLO,CP1 4KCB - Trip:T4 brake pressure low,TRUE,0,0,,
,,CPDT:CP12:2X8X:TRIPHI,CP1 4KCB - Trip:T4 brake pressure high,TRUE,0,0,,
,,CTBN:CP12:4:KTRIPHI,CP1 4KCB - Trip:T4 wheel pressure high,TRUE,0,0,,
,,CPDT:CP12:248X:TRIPHI,CP1 4KCB - Trip:T4 inlet filter press drop high,TRUE,0,0,,
,,CTD:CP12:2382:TRIPLO,CP1 4KCB - Trip:T4 discharge temp low,TRUE,0,0,,
,,CTT:CP12:2486:TRIPHI,CP1 4KCB - Trip:T4 brake temp high,TRUE,0,0,,
,,CTT:CP12:2485:TRIPLO,CP1 4KCB - Trip:T4 bearing temp low,TRUE,0,0,,
,,CST:CP12:2483:TRIPLO,CP1 4KCB - Trip:T4 no speed,TRUE,0,0,,
,,CST:CP12:2483:TRIPHI,CP1 4KCB - Trip:T4 speed high,TRUE,0,0,,
,,CPV:CP12:2482:TRIPLO,CP1 4KCB - Trip:T4 inlet valve closed,TRUE,0,0,,
,,CPV:CP12:2388:TRIPLO,CP1 4KCB - Trip:T4 outlet valve opening issue,TRUE,0,0,,
,,CPT:CP12:2432:HIHI,CP1 4KCB - Alarm:T1 inlet pressure high,TRUE,0,0,,
,,CPT:CP12:2332:LOLO,CP1 4KCB - Alarm:T1 discharge pressure low,TRUE,0,0,,
,,CPT:CP12:2332:HIHI,CP1 4KCB - Alarm:T1 discharge pressure high,TRUE,0,0,,
,,CPDT:CP12:2X35:LOLO,CP1 4KCB - Alarm:T1 bearing pressure diff low,TRUE,0,0,,
,,CPDT:CP12:2X3X:LOLO,CP1 4KCB - Alarm:T1 brake pressure low,TRUE,0,0,,
,,CPDT:CP12:2X3X:HIHI,CP1 4KCB - Alarm:T1 brake pressure high,TRUE,0,0,,
,,CTBN:CP12:1:KHIHI,CP1 4KCB - Alarm:T1 wheel pressure high,TRUE,0,0,,
,,CPDT:CP12:243X:HIHI,CP1 4KCB - Alarm:T1 inlet filter press drop high,TRUE,0,0,,
,,CTD:CP12:2332:LOLO,CP1 4KCB - Alarm:T1 discharge temp low,TRUE,0,0,,
,,CTT:CP12:2436:HIHI,CP1 4KCB - Alarm:T1 brake temp high,TRUE,0,0,,
,,CTT:CP12:2435:LOLO,CP1 4KCB - Alarm:T1 bearing temp low,TRUE,0,0,,
,,CST:CP12:2433:HIHI,CP1 4KCB - Alarm:T1 speed high,TRUE,0,0,,
,,CPT:CP12:2452:HIHI,CP1 4KCB - Alarm:T2 inlet pressure high,TRUE,0,0,,
,,CPT:CP12:2352:LOLO,CP1 4KCB - Alarm:T2 discharge pressure low,TRUE,0,0,,
,,CPT:CP12:2352:HIHI,CP1 4KCB - Alarm:T2 discharge pressure high,TRUE,0,0,,
,,CPDT:CP12:2X55:LOLO,CP1 4KCB - Alarm:T2 bearing pressure diff low,TRUE,0,0,,
,,CPDT:CP12:2X5X:LOLO,CP1 4KCB - Alarm:T2 brake pressure low,TRUE,0,0,,
,,CPDT:CP12:2X5X:HIHI,CP1 4KCB - Alarm:T2 brake pressure high,TRUE,0,0,,
,,CTBN:CP12:2:KHIHI,CP1 4KCB - Alarm:T2 wheel pressure high,TRUE,0,0,,
,,CPDT:CP12:245X:HIHI,CP1 4KCB - Alarm:T2 inlet filter press drop high,TRUE,0,0,,
,,CTD:CP12:2352:LOLO,CP1 4KCB - Alarm:T2 discharge temp low,TRUE,0,0,,
,,CTT:CP12:2456:HIHI,CP1 4KCB - Alarm:T2 brake temp high,TRUE,0,0,,
,,CTT:CP12:2455:LOLO,CP1 4KCB - Alarm:T2 bearing temp low,TRUE,0,0,,
,,CST:CP12:2453:HIHI,CP1 4KCB - Alarm:T2 speed high,TRUE,0,0,,
,,CPT:CP12:2472:HIHI,CP1 4KCB - Alarm:T3 inlet pressure high,TRUE,0,0,,
,,CPT:CP12:2372:LOLO,CP1 4KCB - Alarm:T3 discharge pressure low,TRUE,0,0,,
,,CPT:CP12:2372:HIHI,CP1 4KCB - Alarm:T3 discharge pressure high,TRUE,0,0,,
,,CPDT:CP12:2X75:LOLO,CP1 4KCB - Alarm:T3 bearing pressure diff low,TRUE,0,0,,
,,CPDT:CP12:2X7X:LOLO,CP1 4KCB - Alarm:T3 brake pressure low,TRUE,0,0,,
,,CPDT:CP12:2X7X:HIHI,CP1 4KCB - Alarm:T3 brake pressure high,TRUE,0,0,,
,,CTBN:CP12:3:KHIHI,CP1 4KCB - Alarm:T3 wheel pressure high,TRUE,0,0,,
,,CPDT:CP12:247X:HIHI,CP1 4KCB - Alarm:T3 inlet filter press drop high,TRUE,0,0,,
,,CTD:CP12:2372:LOLO,CP1 4KCB - Alarm:T3 discharge temp low,TRUE,0,0,,
,,CTT:CP12:2476:HIHI,CP1 4KCB - Alarm:T3 brake temp high,TRUE,0,0,,
,,CTT:CP12:2475:LOLO,CP1 4KCB - Alarm:T3 bearing temp low,TRUE,0,0,,
,,CST:CP12:2473:HIHI,CP1 4KCB - Alarm:T3 speed high,TRUE,0,0,,
,,CPT:CP12:2482:HIHI,CP1 4KCB - Alarm:T4 inlet pressure high,TRUE,0,0,,
,,CPT:CP12:2382:LOLO,CP1 4KCB - Alarm:T4 discharge pressure low,TRUE,0,0,,
,,CPT:CP12:2382:HIHI,CP1 4KCB - Alarm:T4 discharge pressure high,TRUE,0,0,,
,,CPDT:CP12:2X85:LOLO,CP1 4KCB - Alarm:T4 bearing pressure diff low,TRUE,0,0,,
,,CPDT:CP12:2X8X:LOLO,CP1 4KCB - Alarm:T4 brake pressure low,TRUE,0,0,,
,,CPDT:CP12:2X8X:HIHI,CP1 4KCB - Alarm:T4 brake pressure high,TRUE,0,0,,
,,CTBN:CP12:4:KHIHI,CP1 4KCB - Alarm:T4 wheel pressure high,TRUE,0,0,,
,,CPDT:CP12:248X:HIHI,CP1 4KCB - Alarm:T4 inlet filter press drop high,TRUE,0,0,,
,,CTD:CP12:2382:LOLO,CP1 4KCB - Alarm:T4 discharge temp low,TRUE,0,0,,
,,CTT:CP12:2486:HIHI,CP1 4KCB - Alarm:T4 brake temp high,TRUE,0,0,,
,,CTT:CP12:2485:LOLO,CP1 4KCB - Alarm:T4 bearing temp low,TRUE,0,0,,
,,CST:CP12:2483:HIHI,CP1 4KCB - Alarm:T4 speed high,TRUE,0,0,,
,,CVAC:CP12:3610:TRIP,CP1 4LCB - Upper coldbox vacuum,TRUE,0,0,,
,,CVAC:CP12:3630:TRIP,CP1 4KCB - Lower coldbox vacuum,TRUE,0,0,,
2,2K Coldbox,CRYO:CP1:2KCB:STATSUMY,,,,,,Alarm handler summary PV: CRYO:CP1:2KCB:STATSUMY
,,SIOC:CP14:CR01:HEARTBEAT,CP1 2KCB - 2K coldbox IOC,TRUE,0,0,,"The EPICS IOC may not be running correctly. Try rebooting it from the network page. Call controls engineer if alarm does not clear after a minute. "
,,PLC:CP14:CR01:ALARM2_B0,CP1 2KCB - 2K coldbox PLC,TRUE,0,0,,"The PLC is not communicating with the EPICS IOC. Call controls engineer. "
,,CVAC:CP14:1010:TRIP,CP1 2KCB - 2K coldbox vacuum,TRUE,0,0,,
,,CCBX:CP14:1:TRIP,CP1 2KCB - CC5 Discharge Pressure High,TRUE,0,0,,
,,CCBX:CP14:2:TRIP,CP1 2KCB - CC1 Drive Fault,TRUE,0,0,,
,,CCBX:CP14:3:TRIP,CP1 2KCB - CC2 Drive Fault,TRUE,0,0,,
,,CCBX:CP14:4:TRIP,CP1 2KCB - CC3 Drive Fault,TRUE,0,0,,
,,CCBX:CP14:5:TRIP,CP1 2KCB - CC4 Drive Fault,TRUE,0,0,,
,,CCBX:CP14:6:TRIP,CP1 2KCB - CC5 Drive Fault,TRUE,0,0,,
,,CCBX:CP14:7:TRIP,CP1 2KCB - CC1 Bearing Levitation Fault,TRUE,0,0,,
,,CCBX:CP14:8:TRIP,CP1 2KCB - CC2 Bearing Levitation Fault,TRUE,0,0,,
,,CCBX:CP14:9:TRIP,CP1 2KCB - CC3 Bearing Levitation Fault,TRUE,0,0,,
,,CCBX:CP14:10:TRIP,CP1 2KCB - CC4 Bearing Levitation Fault,TRUE,0,0,,
,,CCBX:CP14:11:TRIP,CP1 2KCB - CC5 Bearing Levitation Fault,TRUE,0,0,,
,,CCBX:CP14:15:TRIP,CP1 2KCB - CC1 CAN Fault,TRUE,0,0,,
,,CCBX:CP14:16:TRIP,CP1 2KCB - CC2 CAN Fault,TRUE,0,0,,
,,CCBX:CP14:17:TRIP,CP1 2KCB - CC3 CAN Fault,TRUE,0,0,,
,,CCBX:CP14:18:TRIP,CP1 2KCB - CC4 CAN Fault,TRUE,0,0,,
,,CCBX:CP14:19:TRIP,CP1 2KCB - CC5 CAN Fault,TRUE,0,0,,
,,CCBX:CP14:20:TRIP,CP1 2KCB - CC1 Stopped Unexpectedly,TRUE,0,0,,
,,CCBX:CP14:21:TRIP,CP1 2KCB - CC2 Stopped Unexpectedly,TRUE,0,0,,
,,CCBX:CP14:22:TRIP,CP1 2KCB - CC3 Stopped Unexpectedly,TRUE,0,0,,
,,CCBX:CP14:23:TRIP,CP1 2KCB - CC4 Stopped Unexpectedly,TRUE,0,0,,
,,CCBX:CP14:24:TRIP,CP1 2KCB - CC5 Stopped Unexpectedly,TRUE,0,0,,
,,CCBX:CP14:25:TRIP,CP1 2KCB - Outlet Valves Not Closed,TRUE,0,0,,
,,CCBX:CP14:26:TRIP,"CP1 2KCB - Flow Surge ",TRUE,0,0,,
,,CCBX:CP14:27:TRIP,CP1 2KCB - Backflow to LINAC,TRUE,0,0,,
,,CCBX:CP14:28:TRIP,CP1 2KCB - 4KCB Trip,TRUE,0,0,,
,,CCBX:CP14:29:TRIP,CP1 2KCB - LINAC Trip,TRUE,0,0,,
1,Distribution,CRYO:CP1:DIST:STATSUMY,,,,,,Alarm handler summary PV: CRYO:CP0:DIST:STATSUMY
,,WATR:BSYA:100:COMP_AIR_P,LINAC DIST - Compressed air,TRUE,0,0,,
,,SIOC:DB01:CR01:HEARTBEAT,LINAC DIST - Distribution box 1 IOC,TRUE,0,0,,"The EPICS IOC may not be running correctly. Try rebooting it from the network page. Call controls engineer if alarm does not clear after a minute. "
,,SIOC:DB02:CR01:HEARTBEAT,LINAC DIST - Distribution box 2 IOC,TRUE,0,0,,"The EPICS IOC may not be running correctly. Try rebooting it from the network page. Call controls engineer if alarm does not clear after a minute. "
1,Linac,CRYO:CP0:CM:STATSUMY,,,,,,Alarm handler summary PV: CRYO:CP0:CM:STATSUMY
,,CCM:CM00:0:TRIP_STATUS,LINAC - Linac trip,TRUE,0,0,,
2,CM01,CRYO:CP0:CM01:STATSUMY,,,,,,Alarm handler summary PV: CRYO:CP0:CM01:STATSUMY
,,CLIC:CM01:3001:PVJT:IMOD,LINAC CM01 - Valve Interlock Mode status,TRUE,0,0,,
,,CPIC:CM01:0000:EHCV:IMOD,LINAC CM01 - Heater Interlock Mode status,TRUE,0,0,,
,,CPIC:CM01:0000:EHCV:INTERLOCK,LINAC CM01 - Heater Interlock Condition,TRUE,0,0,,
,,CLL:CM01:2601:US:LVL,LINAC CM01 - Upstream Level,TRUE,0,0,,
,,CLL:CM01:2301:DS:LVL,LINAC CM01 - Downstream Level,TRUE,0,0,,
2,CM02,CRYO:CP0:CM02:STATSUMY,,,,,,Alarm handler summary PV: CRYO:CP0:CM02:STATSUMY
,,CLIC:CM02:3001:PVJT:IMOD,LINAC CM02 - Valve Interlock Mode status,TRUE,0,0,,
,,CPIC:CM02:0000:EHCV:IMOD,LINAC CM02 - Heater Interlock Mode status,TRUE,0,0,,
,,CPIC:CM02:0000:EHCV:INTERLOCK,LINAC CM02 - Heater Interlock Condition,TRUE,0,0,,
,,CLL:CM02:2601:US:LVL,LINAC CM02 - Upstream Level,TRUE,0,0,,
,,CLL:CM02:2301:DS:LVL,LINAC CM02 - Downstream Level,TRUE,0,0,,
2,CM03,CRYO:CP0:CM03:STATSUMY,,,,,,Alarm handler summary PV: CRYO:CP0:CM03:STATSUMY
,,CLIC:CM03:3001:PVJT:IMOD,LINAC CM03 - Valve Interlock Mode status,TRUE,0,0,,
,,CPIC:CM03:0000:EHCV:IMOD,LINAC CM03 - Heater Interlock Mode status,TRUE,0,0,,
,,CPIC:CM03:0000:EHCV:INTERLOCK,LINAC CM03 - Heater Interlock Condition,TRUE,0,0,,
,,CLL:CM03:2601:US:LVL,LINAC CM03 - Upstream Level,TRUE,0,0,,
,,CLL:CM03:2301:DS:LVL,LINAC CM03 - Downstream Level,TRUE,0,0,,
2,HL01,CRYO:CP0:CMH1:STATSUMY,,,,,,Alarm handler summary PV: CRYO:CP0:CMH1:STATSUMY
,,CLIC:HL01:3001:PVJT:IMOD,LINAC CMH1 - Valve Interlock Mode status,TRUE,0,0,,
,,CPIC:HL01:0000:EHCV:IMOD,LINAC CMH1 - Heater Interlock Mode status,TRUE,0,0,,
,,CPIC:HL01:0000:EHCV:INTERLOCK,LINAC CMH1 - Heater Interlock Condition,TRUE,0,0,,
,,CLL:CMH1:2601:US:LVL,LINAC CMH1 - Upstream Level,TRUE,0,0,,
,,CLL:CMH1:2301:DS:LVL,LINAC CMH1 - Downstream Level,TRUE,0,0,,
2,HL02,CRYO:CP0:CMH2:STATSUMY,,,,,,Alarm handler summary PV: CRYO:CP0:CMH2:STATSUMY
,,CLIC:HL02:3001:PVJT:IMOD,LINAC CMH2 - Valve Interlock Mode status,TRUE,0,0,,
,,CPIC:HL02:0000:EHCV:IMOD,LINAC CMH2 - Heater Interlock Mode status,TRUE,0,0,,
,,CPIC:HL02:0000:EHCV:INTERLOCK,LINAC CMH2 - Heater Interlock Condition,TRUE,0,0,,
,,CLL:CMH2:2601:US:LVL,LINAC CMH2 - Upstream Level,TRUE,0,0,,
,,CLL:CMH2:2301:DS:LVL,LINAC CMH2 - Downstream Level,TRUE,0,0,,
2,CM04,CRYO:CP0:CM04:STATSUMY,,,,,,Alarm handler summary PV: CRYO:CP0:CM04:STATSUMY
,,CLIC:CM04:3001:PVJT:IMOD,LINAC CM04 - Valve Interlock Mode status,TRUE,0,0,,
,,CPIC:CM04:0000:EHCV:IMOD,LINAC CM04 - Heater Interlock Mode status,TRUE,0,0,,
,,CPIC:CM04:0000:EHCV:INTERLOCK,LINAC CM04 - Heater Interlock Condition,TRUE,0,0,,
,,CLL:CM04:2601:US:LVL,LINAC CM04 - Upstream Level,TRUE,0,0,,
,,CLL:CM04:2301:DS:LVL,LINAC CM04 - Downstream Level,TRUE,0,0,,
2,CM05,CRYO:CP0:CM05:STATSUMY,,,,,,Alarm handler summary PV: CRYO:CP0:CM05:STATSUMY
,,CLIC:CM05:3001:PVJT:IMOD,LINAC CM05 - Valve Interlock Mode status,TRUE,0,0,,
,,CPIC:CM05:0000:EHCV:IMOD,LINAC CM05 - Heater Interlock Mode status,TRUE,0,0,,
,,CPIC:CM05:0000:EHCV:INTERLOCK,LINAC CM05 - Heater Interlock Condition,TRUE,0,0,,
,,CLL:CM05:2601:US:LVL,LINAC CM05 - Upstream Level,TRUE,0,0,,
,,CLL:CM05:2301:DS:LVL,LINAC CM05 - Downstream Level,TRUE,0,0,,
2,CM06,CRYO:CP0:CM06:STATSUMY,,,,,,Alarm handler summary PV: CRYO:CP0:CM06:STATSUMY
,,CLIC:CM06:3001:PVJT:IMOD,LINAC CM06 - Valve Interlock Mode status,TRUE,0,0,,
,,CPIC:CM06:0000:EHCV:IMOD,LINAC CM06 - Heater Interlock Mode status,TRUE,0,0,,
,,CPIC:CM06:0000:EHCV:INTERLOCK,LINAC CM06 - Heater Interlock Condition,TRUE,0,0,,
,,CLL:CM06:2601:US:LVL,LINAC CM06 - Upstream Level,TRUE,0,0,,
,,CLL:CM06:2301:DS:LVL,LINAC CM06 - Downstream Level,TRUE,0,0,,
2,CM07,CRYO:CP0:CM07:STATSUMY,,,,,,Alarm handler summary PV: CRYO:CP0:CM07:STATSUMY
,,CLIC:CM07:3001:PVJT:IMOD,LINAC CM07 - Valve Interlock Mode status,TRUE,0,0,,
,,CPIC:CM07:0000:EHCV:IMOD,LINAC CM07 - Heater Interlock Mode status,TRUE,0,0,,
,,CPIC:CM07:0000:EHCV:INTERLOCK,LINAC CM07 - Heater Interlock Condition,TRUE,0,0,,
,,CLL:CM07:2601:US:LVL,LINAC CM07 - Upstream Level,TRUE,0,0,,
,,CLL:CM07:2301:DS:LVL,LINAC CM07 - Downstream Level,TRUE,0,0,,
2,CM08,CRYO:CP0:CM08:STATSUMY,,,,,,Alarm handler summary PV: CRYO:CP0:CM08:STATSUMY
,,CLIC:CM08:3001:PVJT:IMOD,LINAC CM08 - Valve Interlock Mode status,TRUE,0,0,,
,,CPIC:CM08:0000:EHCV:IMOD,LINAC CM08 - Heater Interlock Mode status,TRUE,0,0,,
,,CPIC:CM08:0000:EHCV:INTERLOCK,LINAC CM08 - Heater Interlock Condition,TRUE,0,0,,
,,CLL:CM08:2601:US:LVL,LINAC CM08 - Upstream Level,TRUE,0,0,,
,,CLL:CM08:2301:DS:LVL,LINAC CM08 - Downstream Level,TRUE,0,0,,
2,CM09,CRYO:CP0:CM09:STATSUMY,,,,,,Alarm handler summary PV: CRYO:CP0:CM09:STATSUMY
,,CLIC:CM09:3001:PVJT:IMOD,LINAC CM09 - Valve Interlock Mode status,TRUE,0,0,,
,,CPIC:CM09:0000:EHCV:IMOD,LINAC CM09 - Heater Interlock Mode status,TRUE,0,0,,
,,CPIC:CM09:0000:EHCV:INTERLOCK,LINAC CM09 - Heater Interlock Condition,TRUE,0,0,,
,,CLL:CM09:2601:US:LVL,LINAC CM09 - Upstream Level,TRUE,0,0,,
,,CLL:CM09:2301:DS:LVL,LINAC CM09 - Downstream Level,TRUE,0,0,,
2,CM10,CRYO:CP0:CM10:STATSUMY,,,,,,Alarm handler summary PV: CRYO:CP0:CM10:STATSUMY
,,CLIC:CM10:3001:PVJT:IMOD,LINAC CM10 - Valve Interlock Mode status,TRUE,0,0,,
,,CPIC:CM10:0000:EHCV:IMOD,LINAC CM10 - Heater Interlock Mode status,TRUE,0,0,,
,,CPIC:CM10:0000:EHCV:INTERLOCK,LINAC CM10 - Heater Interlock Condition,TRUE,0,0,,
,,CLL:CM10:2601:US:LVL,LINAC CM10 - Upstream Level,TRUE,0,0,,
,,CLL:CM10:2301:DS:LVL,LINAC CM10 - Downstream Level,TRUE,0,0,,
2,CM11,CRYO:CP0:CM11:STATSUMY,,,,,,Alarm handler summary PV: CRYO:CP0:CM11:STATSUMY
,,CLIC:CM11:3001:PVJT:IMOD,LINAC CM11 - Valve Interlock Mode status,TRUE,0,0,,
,,CPIC:CM11:0000:EHCV:IMOD,LINAC CM11 - Heater Interlock Mode status,TRUE,0,0,,
,,CPIC:CM11:0000:EHCV:INTERLOCK,LINAC CM11 - Heater Interlock Condition,TRUE,0,0,,
,,CLL:CM11:2601:US:LVL,LINAC CM11 - Upstream Level,TRUE,0,0,,
,,CLL:CM11:2301:DS:LVL,LINAC CM11 - Downstream Level,TRUE,0,0,,
2,CM12,CRYO:CP0:CM12:STATSUMY,,,,,,Alarm handler summary PV: CRYO:CP0:CM12:STATSUMY
,,CLIC:CM12:3001:PVJT:IMOD,LINAC CM12 - Valve Interlock Mode status,TRUE,0,0,,
,,CPIC:CM12:0000:EHCV:IMOD,LINAC CM12 - Heater Interlock Mode status,TRUE,0,0,,
,,CPIC:CM12:0000:EHCV:INTERLOCK,LINAC CM12 - Heater Interlock Condition,TRUE,0,0,,
,,CLL:CM12:2601:US:LVL,LINAC CM12 - Upstream Level,TRUE,0,0,,
,,CLL:CM12:2301:DS:LVL,LINAC CM12 - Downstream Level,TRUE,0,0,,
2,CM13,CRYO:CP0:CM13:STATSUMY,,,,,,Alarm handler summary PV: CRYO:CP0:CM13:STATSUMY
,,CLIC:CM13:3001:PVJT:IMOD,LINAC CM13 - Valve Interlock Mode status,TRUE,0,0,,
,,CPIC:CM13:0000:EHCV:IMOD,LINAC CM13 - Heater Interlock Mode status,TRUE,0,0,,
,,CPIC:CM13:0000:EHCV:INTERLOCK,LINAC CM13 - Heater Interlock Condition,TRUE,0,0,,
,,CLL:CM13:2601:US:LVL,LINAC CM13 - Upstream Level,TRUE,0,0,,
,,CLL:CM13:2301:DS:LVL,LINAC CM13 - Downstream Level,TRUE,0,0,,
2,CM14,CRYO:CP0:CM14:STATSUMY,,,,,,Alarm handler summary PV: CRYO:CP0:CM14:STATSUMY
,,CLIC:CM14:3001:PVJT:IMOD,LINAC CM14 - Valve Interlock Mode status,TRUE,0,0,,
,,CPIC:CM14:0000:EHCV:IMOD,LINAC CM14 - Heater Interlock Mode status,TRUE,0,0,,
,,CPIC:CM14:0000:EHCV:INTERLOCK,LINAC CM14 - Heater Interlock Condition,TRUE,0,0,,
,,CLL:CM14:2601:US:LVL,LINAC CM14 - Upstream Level,TRUE,0,0,,
,,CLL:CM14:2301:DS:LVL,LINAC CM14 - Downstream Level,TRUE,0,0,,
2,CM15,CRYO:CP0:CM15:STATSUMY,,,,,,Alarm handler summary PV: CRYO:CP0:CM15:STATSUMY
,,CLIC:CM15:3001:PVJT:IMOD,LINAC CM15 - Valve Interlock Mode status,TRUE,0,0,,
,,CPIC:CM15:0000:EHCV:IMOD,LINAC CM15 - Heater Interlock Mode status,TRUE,0,0,,
,,CPIC:CM15:0000:EHCV:INTERLOCK,LINAC CM15 - Heater Interlock Condition,TRUE,0,0,,
,,CLL:CM15:2601:US:LVL,LINAC CM15 - Upstream Level,TRUE,0,0,,
,,CLL:CM15:2301:DS:LVL,LINAC CM15 - Downstream Level,TRUE,0,0,,
2,CM16,CRYO:CP0:CM16:STATSUMY,,,,,,Alarm handler summary PV: CRYO:CP0:CM16:STATSUMY
,,CLIC:CM16:3001:PVJT:IMOD,LINAC CM16 - Valve Interlock Mode status,TRUE,0,0,,
,,CPIC:CM16:0000:EHCV:IMOD,LINAC CM16 - Heater Interlock Mode status,TRUE,0,0,,
,,CPIC:CM16:0000:EHCV:INTERLOCK,LINAC CM16 - Heater Interlock Condition,TRUE,0,0,,
,,CLL:CM16:2601:US:LVL,LINAC CM16 - Upstream Level,TRUE,0,0,,
,,CLL:CM16:2301:DS:LVL,LINAC CM16 - Downstream Level,TRUE,0,0,,
2,CM17,CRYO:CP0:CM17:STATSUMY,,,,,,Alarm handler summary PV: CRYO:CP0:CM17:STATSUMY
,,CLIC:CM17:3001:PVJT:IMOD,LINAC CM17 - Valve Interlock Mode status,TRUE,0,0,,
,,CPIC:CM17:0000:EHCV:IMOD,LINAC CM17 - Heater Interlock Mode status,TRUE,0,0,,
,,CPIC:CM17:0000:EHCV:INTERLOCK,LINAC CM17 - Heater Interlock Condition,TRUE,0,0,,
,,CLL:CM17:2601:US:LVL,LINAC CM17 - Upstream Level,TRUE,0,0,,
,,CLL:CM17:2301:DS:LVL,LINAC CM17 - Downstream Level,TRUE,0,0,,
2,CM18,CRYO:CP0:CM18:STATSUMY,,,,,,Alarm handler summary PV: CRYO:CP0:CM18:STATSUMY
,,CLIC:CM18:3001:PVJT:IMOD,LINAC CM18 - Valve Interlock Mode status,TRUE,0,0,,
,,CPIC:CM18:0000:EHCV:IMOD,LINAC CM18 - Heater Interlock Mode status,TRUE,0,0,,
,,CPIC:CM18:0000:EHCV:INTERLOCK,LINAC CM18 - Heater Interlock Condition,TRUE,0,0,,
,,CLL:CM18:2601:US:LVL,LINAC CM18 - Upstream Level,TRUE,0,0,,
,,CLL:CM18:2301:DS:LVL,LINAC CM18 - Downstream Level,TRUE,0,0,,
2,CM19,CRYO:CP0:CM19:STATSUMY,,,,,,Alarm handler summary PV: CRYO:CP0:CM19:STATSUMY
,,CLIC:CM19:3001:PVJT:IMOD,LINAC CM19 - Valve Interlock Mode status,TRUE,0,0,,
,,CPIC:CM19:0000:EHCV:IMOD,LINAC CM19 - Heater Interlock Mode status,TRUE,0,0,,
,,CPIC:CM19:0000:EHCV:INTERLOCK,LINAC CM19 - Heater Interlock Condition,TRUE,0,0,,
,,CLL:CM19:2601:US:LVL,LINAC CM19 - Upstream Level,TRUE,0,0,,
,,CLL:CM19:2301:DS:LVL,LINAC CM19 - Downstream Level,TRUE,0,0,,
2,CM20,CRYO:CP0:CM20:STATSUMY,,,,,,Alarm handler summary PV: CRYO:CP0:CM20:STATSUMY
,,CLIC:CM20:3001:PVJT:IMOD,LINAC CM20 - Valve Interlock Mode status,TRUE,0,0,,
,,CPIC:CM20:0000:EHCV:IMOD,LINAC CM20 - Heater Interlock Mode status,TRUE,0,0,,
,,CPIC:CM20:0000:EHCV:INTERLOCK,LINAC CM20 - Heater Interlock Condition,TRUE,0,0,,
,,CLL:CM20:2601:US:LVL,LINAC CM20 - Upstream Level,TRUE,0,0,,
,,CLL:CM20:2301:DS:LVL,LINAC CM20 - Downstream Level,TRUE,0,0,,
2,CM21,CRYO:CP0:CM21:STATSUMY,,,,,,Alarm handler summary PV: CRYO:CP0:CM21:STATSUMY
,,CLIC:CM21:3001:PVJT:IMOD,LINAC CM21 - Valve Interlock Mode status,TRUE,0,0,,
,,CPIC:CM21:0000:EHCV:IMOD,LINAC CM21 - Heater Interlock Mode status,TRUE,0,0,,
,,CPIC:CM21:0000:EHCV:INTERLOCK,LINAC CM21 - Heater Interlock Condition,TRUE,0,0,,
,,CLL:CM21:2601:US:LVL,LINAC CM21 - Upstream Level,TRUE,0,0,,
,,CLL:CM21:2301:DS:LVL,LINAC CM21 - Downstream Level,TRUE,0,0,,
2,CM22,CRYO:CP0:CM22:STATSUMY,,,,,,Alarm handler summary PV: CRYO:CP0:CM22:STATSUMY
,,CLIC:CM22:3001:PVJT:IMOD,LINAC CM22 - Valve Interlock Mode status,TRUE,0,0,,
,,CPIC:CM22:0000:EHCV:IMOD,LINAC CM22 - Heater Interlock Mode status,TRUE,0,0,,
,,CPIC:CM22:0000:EHCV:INTERLOCK,LINAC CM22 - Heater Interlock Condition,TRUE,0,0,,
,,CLL:CM22:2601:US:LVL,LINAC CM22 - Upstream Level,TRUE,0,0,,
,,CLL:CM22:2301:DS:LVL,LINAC CM22 - Downstream Level,TRUE,0,0,,
2,CM23,CRYO:CP0:CM23:STATSUMY,,,,,,Alarm handler summary PV: CRYO:CP0:CM23:STATSUMY
,,CLIC:CM23:3001:PVJT:IMOD,LINAC CM23 - Valve Interlock Mode status,TRUE,0,0,,
,,CPIC:CM23:0000:EHCV:IMOD,LINAC CM23 - Heater Interlock Mode status,TRUE,0,0,,
,,CPIC:CM23:0000:EHCV:INTERLOCK,LINAC CM23 - Heater Interlock Condition,TRUE,0,0,,
,,CLL:CM23:2601:US:LVL,LINAC CM23 - Upstream Level,TRUE,0,0,,
,,CLL:CM23:2301:DS:LVL,LINAC CM23 - Downstream Level,TRUE,0,0,,
2,CM24,CRYO:CP0:CM24:STATSUMY,,,,,,Alarm handler summary PV: CRYO:CP0:CM24:STATSUMY
,,CLIC:CM24:3001:PVJT:IMOD,LINAC CM24 - Valve Interlock Mode status,TRUE,0,0,,
,,CPIC:CM24:0000:EHCV:IMOD,LINAC CM24 - Heater Interlock Mode status,TRUE,0,0,,
,,CPIC:CM24:0000:EHCV:INTERLOCK,LINAC CM24 - Heater Interlock Condition,TRUE,0,0,,
,,CLL:CM24:2601:US:LVL,LINAC CM24 - Upstream Level,TRUE,0,0,,
,,CLL:CM24:2301:DS:LVL,LINAC CM24 - Downstream Level,TRUE,0,0,,
2,CM25,CRYO:CP0:CM25:STATSUMY,,,,,,Alarm handler summary PV: CRYO:CP0:CM25:STATSUMY
,,CLIC:CM25:3001:PVJT:IMOD,LINAC CM25 - Valve Interlock Mode status,TRUE,0,0,,
,,CPIC:CM25:0000:EHCV:IMOD,LINAC CM25 - Heater Interlock Mode status,TRUE,0,0,,
,,CPIC:CM25:0000:EHCV:INTERLOCK,LINAC CM25 - Heater Interlock Condition,TRUE,0,0,,
,,CLL:CM25:2601:US:LVL,LINAC CM25 - Upstream Level,TRUE,0,0,,
,,CLL:CM25:2301:DS:LVL,LINAC CM25 - Downstream Level,TRUE,0,0,,
2,CM26,CRYO:CP0:CM26:STATSUMY,,,,,,Alarm handler summary PV: CRYO:CP0:CM26:STATSUMY
,,CLIC:CM26:3001:PVJT:IMOD,LINAC CM26 - Valve Interlock Mode status,TRUE,0,0,,
,,CPIC:CM26:0000:EHCV:IMOD,LINAC CM26 - Heater Interlock Mode status,TRUE,0,0,,
,,CPIC:CM26:0000:EHCV:INTERLOCK,LINAC CM26 - Heater Interlock Condition,TRUE,0,0,,
,,CLL:CM26:2601:US:LVL,LINAC CM26 - Upstream Level,TRUE,0,0,,
,,CLL:CM26:2301:DS:LVL,LINAC CM26 - Downstream Level,TRUE,0,0,,
2,CM27,CRYO:CP0:CM27:STATSUMY,,,,,,Alarm handler summary PV: CRYO:CP0:CM27:STATSUMY
,,CLIC:CM27:3001:PVJT:IMOD,LINAC CM27 - Valve Interlock Mode status,TRUE,0,0,,
,,CPIC:CM27:0000:EHCV:IMOD,LINAC CM27 - Heater Interlock Mode status,TRUE,0,0,,
,,CPIC:CM27:0000:EHCV:INTERLOCK,LINAC CM27 - Heater Interlock Condition,TRUE,0,0,,
,,CLL:CM27:2601:US:LVL,LINAC CM27 - Upstream Level,TRUE,0,0,,
,,CLL:CM27:2301:DS:LVL,LINAC CM27 - Downstream Level,TRUE,0,0,,
2,CM28,CRYO:CP0:CM28:STATSUMY,,,,,,Alarm handler summary PV: CRYO:CP0:CM28:STATSUMY
,,CLIC:CM28:3001:PVJT:IMOD,LINAC CM28 - Valve Interlock Mode status,TRUE,0,0,,
,,CPIC:CM28:0000:EHCV:IMOD,LINAC CM28 - Heater Interlock Mode status,TRUE,0,0,,
,,CPIC:CM28:0000:EHCV:INTERLOCK,LINAC CM28 - Heater Interlock Condition,TRUE,0,0,,
,,CLL:CM28:2601:US:LVL,LINAC CM28 - Upstream Level,TRUE,0,0,,
,,CLL:CM28:2301:DS:LVL,LINAC CM28 - Downstream Level,TRUE,0,0,,
2,CM29,CRYO:CP0:CM29:STATSUMY,,,,,,Alarm handler summary PV: CRYO:CP0:CM29:STATSUMY
,,CLIC:CM29:3001:PVJT:IMOD,LINAC CM29 - Valve Interlock Mode status,TRUE,0,0,,
,,CPIC:CM29:0000:EHCV:IMOD,LINAC CM29 - Heater Interlock Mode status,TRUE,0,0,,
,,CPIC:CM29:0000:EHCV:INTERLOCK,LINAC CM29 - Heater Interlock Condition,TRUE,0,0,,
,,CLL:CM29:2601:US:LVL,LINAC CM29 - Upstream Level,TRUE,0,0,,
,,CLL:CM29:2301:DS:LVL,LINAC CM29 - Downstream Level,TRUE,0,0,,
2,CM30,CRYO:CP0:CM30:STATSUMY,,,,,,Alarm handler summary PV: CRYO:CP0:CM30:STATSUMY
,,CLIC:CM30:3001:PVJT:IMOD,LINAC CM30 - Valve Interlock Mode status,TRUE,0,0,,
,,CPIC:CM30:0000:EHCV:IMOD,LINAC CM30 - Heater Interlock Mode status,TRUE,0,0,,
,,CPIC:CM30:0000:EHCV:INTERLOCK,LINAC CM30 - Heater Interlock Condition,TRUE,0,0,,
,,CLL:CM30:2601:US:LVL,LINAC CM30 - Upstream Level,TRUE,0,0,,
,,CLL:CM30:2301:DS:LVL,LINAC CM30 - Downstream Level,TRUE,0,0,,
2,CM31,CRYO:CP0:CM31:STATSUMY,,,,,,Alarm handler summary PV: CRYO:CP0:CM31:STATSUMY
,,CLIC:CM31:3001:PVJT:IMOD,LINAC CM31 - Valve Interlock Mode status,TRUE,0,0,,
,,CPIC:CM31:0000:EHCV:IMOD,LINAC CM31 - Heater Interlock Mode status,TRUE,0,0,,
,,CPIC:CM31:0000:EHCV:INTERLOCK,LINAC CM31 - Heater Interlock Condition,TRUE,0,0,,
,,CLL:CM31:2601:US:LVL,LINAC CM31 - Upstream Level,TRUE,0,0,,
,,CLL:CM31:2301:DS:LVL,LINAC CM31 - Downstream Level,TRUE,0,0,,
2,CM32,CRYO:CP0:CM32:STATSUMY,,,,,,Alarm handler summary PV: CRYO:CP0:CM32:STATSUMY
,,CLIC:CM32:3001:PVJT:IMOD,LINAC CM32 - Valve Interlock Mode status,TRUE,0,0,,
,,CPIC:CM32:0000:EHCV:IMOD,LINAC CM32 - Heater Interlock Mode status,TRUE,0,0,,
,,CPIC:CM32:0000:EHCV:INTERLOCK,LINAC CM32 - Heater Interlock Condition,TRUE,0,0,,
,,CLL:CM32:2601:US:LVL,LINAC CM32 - Upstream Level,TRUE,0,0,,
,,CLL:CM32:2301:DS:LVL,LINAC CM32 - Downstream Level,TRUE,0,0,,
2,CM33,CRYO:CP0:CM33:STATSUMY,,,,,,Alarm handler summary PV: CRYO:CP0:CM33:STATSUMY
,,CLIC:CM33:3001:PVJT:IMOD,LINAC CM33 - Valve Interlock Mode status,TRUE,0,0,,
,,CPIC:CM33:0000:EHCV:IMOD,LINAC CM33 - Heater Interlock Mode status,TRUE,0,0,,
,,CPIC:CM33:0000:EHCV:INTERLOCK,LINAC CM33 - Heater Interlock Condition,TRUE,0,0,,
,,CLL:CM33:2601:US:LVL,LINAC CM33 - Upstream Level,TRUE,0,0,,
,,CLL:CM33:2301:DS:LVL,LINAC CM33 - Downstream Level,TRUE,0,0,,
2,CM34,CRYO:CP0:CM34:STATSUMY,,,,,,Alarm handler summary PV: CRYO:CP0:CM34:STATSUMY
,,CLIC:CM34:3001:PVJT:IMOD,LINAC CM34 - Valve Interlock Mode status,TRUE,0,0,,
,,CPIC:CM34:0000:EHCV:IMOD,LINAC CM34 - Heater Interlock Mode status,TRUE,0,0,,
,,CPIC:CM34:0000:EHCV:INTERLOCK,LINAC CM34 - Heater Interlock Condition,TRUE,0,0,,
,,CLL:CM34:2601:US:LVL,LINAC CM34 - Upstream Level,TRUE,0,0,,
,,CLL:CM34:2301:DS:LVL,LINAC CM34 - Downstream Level,TRUE,0,0,,
2,CM35,CRYO:CP0:CM35:STATSUMY,,,,,,Alarm handler summary PV: CRYO:CP0:CM35:STATSUMY
,,CLIC:CM35:3001:PVJT:IMOD,LINAC CM35 - Valve Interlock Mode status,TRUE,0,0,,
,,CPIC:CM35:0000:EHCV:IMOD,LINAC CM35 - Heater Interlock Mode status,TRUE,0,0,,
,,CPIC:CM35:0000:EHCV:INTERLOCK,LINAC CM35 - Heater Interlock Condition,TRUE,0,0,,
,,CLL:CM35:2601:US:LVL,LINAC CM35 - Upstream Level,TRUE,0,0,,
,,CLL:CM35:2301:DS:LVL,LINAC CM35 - Downstream Level,TRUE,0,0,,
